{
  "model": {
    "type": "minecraft:select",
    "property": "minecraft:component",
    "component": "minecraft:custom_name",
    "cases": [
      {
        "when": "Shardstrike",
        "model": {
          "type": "minecraft:model",
          "model": "minecraft:item/shardstrike"
        }
      },
      {
        "when": "London :D",
        "model": {
          "type": "minecraft:model",
          "model": "item/london"
        }
      }
    ],

    "fallback": {
      "type": "minecraft:model",
      "model": "minecraft:item/diamond_sword"
    }
  }
}