{
  "model": {
    "type": "minecraft:select",
    "property": "minecraft:component",
    "component": "minecraft:custom_name",
    "cases": [
      {
        "when": "Voidspliter",
        "model": {
          "type": "minecraft:model",
          "model": "minecraft:item/voidspliter"
        }
      },
      {
        "when": "Oblivion",
        "model": {
          "type": "minecraft:model",
          "model": "minecraft:item/voidspliter"
        }
      }
    ],
    "fallback": {
      "type": "minecraft:model",
      "model": "minecraft:item/netherite_axe"
    }
  }
}