{
  "model": {
    "type": "minecraft:select",
    "property": "minecraft:component",
    "component": "minecraft:custom_name",
    "cases": [
      {
        "when": "The Voidbound Eclipse",
        "model": {
          "type": "minecraft:model",
          "model": "minecraft:item/voidbound_eclipse"
        }
      },
      {
        "when": "Whatever u Want",
        "model": {
          "type": "minecraft:model",
          "model": "item/whatever_u_want"
        }
      }
    ],

    "fallback": {
      "type": "minecraft:model",
      "model": "minecraft:item/iron_sword"
    }
  }
}