{
  "model": {
    "type": "minecraft:select",
    "property": "minecraft:component",
    "component": "minecraft:custom_name",
    "cases": [
      {
        "when": "The Mooncrusher",
        "model": {
          "type": "minecraft:model",
          "model": "minecraft:item/mooncrusher"
        }
      },
      {
        "when": "The Starbreaker",
        "model": {
          "type": "minecraft:model",
          "model": "item/starbreaker"
        }
      }
    ],

    "fallback": {
      "type": "minecraft:model",
      "model": "minecraft:item/mace"
    }
  }
}